{
    "schema_version": "v1",
    "name_for_human": "TODO Plugin",
    "name_for_model": "todo",
    "description_for_human": "Plugin for managing a TODO list. You can add, remove and view your TODOs.",
    "description_for_model": "Plugin for managing a TODO list. You can add, remove and view your TODOs.",
    "auth": {
        "type": "none"
    },
    "api": {
        "type": "openapi",
        "url": "https://cdha7r2hmf.execute-api.us-east-1.amazonaws.com/.well-known/openapi.yaml",
        "is_user_authenticated": false
    },
    "logo_url": "https://github.com/buryhuang/gpt4-image-inputs/raw/main/tribute_logo.png",
    "contact_email": "support@example.com",
    "legal_info_url": "http://www.example.com/legal"
}
